ID,date,Open,High,Low,Close,Volume
1,01/01/2018 0:00,2.86,2.88,2.77,2.81,2627000
2,02/01/2018 0:00,2.81,2.84,2.77,2.79,4030500
3,03/01/2018 0:00,2.8,2.94,2.8,2.85,10607500
4,04/01/2018 0:00,2.9,2.98,2.89,2.95,7753000
5,05/01/2018 0:00,2.97,3,2.92,2.96,11937500
6,08/01/2018 0:00,3.09,3.2,3.05,3.17,35268000
7,09/01/2018 0:00,3.19,3.22,2.95,3,19448500
8,10/01/2018 0:00,3.02,3.05,2.95,2.97,10709000
9,11/01/2018 0:00,3.04,3.08,2.86,2.9,20584000
10,12/01/2018 0:00,2.9,2.9,2.76,2.8,15221000
11,15/01/2018 0:00,2.85,2.89,2.79,2.81,2805000
12,16/01/2018 0:00,2.88,2.91,2.79,2.8,7018500
13,17/01/2018 0:00,2.84,2.88,2.8,2.84,2490500
14,18/01/2018 0:00,2.85,2.89,2.79,2.8,10373000
15,19/01/2018 0:00,2.83,2.91,2.79,2.87,12962500
16,22/01/2018 0:00,2.89,2.95,2.85,2.88,6274000
17,23/01/2018 0:00,2.89,2.9,2.83,2.84,4429500
18,24/01/2018 0:00,2.85,2.86,2.79,2.8,10254500
19,25/01/2018 0:00,2.83,2.84,2.8,2.82,2551000
20,26/01/2018 0:00,2.82,2.83,2.79,2.8,2992000
21,29/01/2018 0:00,2.8,2.82,2.76,2.77,4056000
22,30/01/2018 0:00,2.48,2.62,2.36,2.57,35389000
23,31/01/2018 0:00,2.58,2.64,2.45,2.57,19172500
24,01/02/2018 0:00,2.65,2.84,2.64,2.67,23821500
25,02/02/2018 0:00,2.72,2.76,2.5,2.53,10771500
26,06/02/2018 0:00,2.56,2.6,2.44,2.49,8071500
27,07/02/2018 0:00,2.53,2.62,2.5,2.54,7532500
28,08/02/2018 0:00,2.55,2.64,2.5,2.55,2502500
29,09/02/2018 0:00,2.55,2.56,2.48,2.52,4811500
30,12/02/2018 0:00,2.55,2.55,2.47,2.52,4461000
31,13/02/2018 0:00,2.54,2.65,2.5,2.59,6627000
32,14/02/2018 0:00,2.64,2.65,2.41,2.48,9744500
33,15/02/2018 0:00,2.5,2.5,2.35,2.4,6058000
34,16/02/2018 0:00,2.4,2.48,2.37,2.44,2862500
35,19/02/2018 0:00,2.48,2.5,2.35,2.36,3612500
36,20/02/2018 0:00,2.4,2.41,2.3,2.33,5562500
37,21/02/2018 0:00,2.33,2.37,2.25,2.31,4986000
38,22/02/2018 0:00,2.25,2.3,2.22,2.28,3001000
39,23/02/2018 0:00,2.28,2.32,2.12,2.15,7131000
40,26/02/2018 0:00,2.2,2.3,2.18,2.2,4009000
41,27/02/2018 0:00,2.17,2.25,2.17,2.19,2231500
42,28/02/2018 0:00,2.22,2.26,2.2,2.2,1491000
43,01/03/2018 0:00,2.23,2.42,2.18,2.37,4777000
44,02/03/2018 0:00,2.39,2.52,2.33,2.48,5840500
45,05/03/2018 0:00,2.55,2.61,2.47,2.51,9062500
46,06/03/2018 0:00,2.52,2.57,2.45,2.5,4318000
47,07/03/2018 0:00,2.48,2.55,2.44,2.45,1695500
48,08/03/2018 0:00,2.46,2.5,2.42,2.45,1999500
49,09/03/2018 0:00,2.5,2.5,2.4,2.4,1837000
50,12/03/2018 0:00,2.42,2.46,2.4,2.44,6469500
51,13/03/2018 0:00,2.42,2.46,2.39,2.4,6181000
52,14/03/2018 0:00,2.38,2.42,2.37,2.38,1001500
53,15/03/2018 0:00,2.37,2.4,2.34,2.35,4165500
54,16/03/2018 0:00,2.4,2.51,2.38,2.45,12677000
55,19/03/2018 0:00,2.41,2.49,2.4,2.44,1368000
56,20/03/2018 0:00,2.43,2.47,2.34,2.35,3647500
57,21/03/2018 0:00,2.33,2.37,2.29,2.36,2304000
58,22/03/2018 0:00,2.35,2.4,2.31,2.35,1357500
59,26/03/2018 0:00,2.4,2.4,2.31,2.34,1340500
60,27/03/2018 0:00,2.35,2.38,2.32,2.34,1468000
61,28/03/2018 0:00,2.36,2.41,2.31,2.33,4891000
62,29/03/2018 0:00,2.34,2.38,2.31,2.37,2862500
63,30/03/2018 0:00,2.34,2.39,2.29,2.31,5926500
64,02/04/2018 0:00,2.29,2.32,2.24,2.25,3834500
65,03/04/2018 0:00,2.27,2.29,2.09,2.18,18565000
66,04/04/2018 0:00,2.19,2.29,2.19,2.26,2962500
67,05/04/2018 0:00,2.28,2.32,2.2,2.25,5437000
68,06/04/2018 0:00,2.23,2.29,2.22,2.27,1161500
69,09/04/2018 0:00,2.28,2.31,2.25,2.28,1688500
70,10/04/2018 0:00,2.35,2.39,2.31,2.33,5939500
71,11/04/2018 0:00,2.35,2.37,2.28,2.3,1744000
72,12/04/2018 0:00,2.3,2.34,2.27,2.28,1980500
73,13/04/2018 0:00,2.3,2.31,2.21,2.25,1145000
74,16/04/2018 0:00,2.28,2.3,2.21,2.27,1098500
75,17/04/2018 0:00,2.3,2.3,2.24,2.25,291500
76,18/04/2018 0:00,2.25,2.28,2.2,2.21,1376000
77,19/04/2018 0:00,2.2,2.22,2.14,2.16,1265000
78,20/04/2018 0:00,2.17,2.25,2.12,2.22,2814500
79,23/04/2018 0:00,2.29,2.29,2.15,2.19,789500
80,24/04/2018 0:00,2.24,2.25,2.16,2.18,1455000
81,25/04/2018 0:00,2.25,2.25,2.17,2.18,1311000
82,26/04/2018 0:00,2.24,2.24,2.16,2.2,912500
83,27/04/2018 0:00,2.25,2.25,2.15,2.21,6927500
84,30/04/2018 0:00,2.25,2.28,2.15,2.17,1617000
85,02/05/2018 0:00,2.16,2.26,2.16,2.21,2073000
86,03/05/2018 0:00,2.24,2.24,2.15,2.18,3138000
87,04/05/2018 0:00,2.2,2.19,2.14,2.16,1031000
88,07/05/2018 0:00,2.18,2.23,2.15,2.16,1718500
89,08/05/2018 0:00,2.17,2.17,2.12,2.14,978000
90,09/05/2018 0:00,2.17,2.17,2.05,2.11,1411500
91,10/05/2018 0:00,2.13,2.26,2.13,2.17,7003500
92,11/05/2018 0:00,2.22,2.24,2.15,2.17,1489500
93,14/05/2018 0:00,2.2,2.2,2.08,2.09,1691500
94,15/05/2018 0:00,2.14,2.15,2.02,2.11,1991500
95,16/05/2018 0:00,2.17,2.17,2.09,2.1,496000
96,17/05/2018 0:00,2.11,2.15,2.08,2.1,666000
97,18/05/2018 0:00,2.09,2.09,2.04,2.05,389500
98,21/05/2018 0:00,2.1,2.11,2,2.01,1555500
99,22/05/2018 0:00,2.04,2.09,2.03,2.08,778000
100,23/05/2018 0:00,2.08,2.1,2.02,2.05,2235000
101,24/05/2018 0:00,2.01,2.07,2,2.07,1010000
102,25/05/2018 0:00,2.07,2.08,1.98,2,2739500
103,28/05/2018 0:00,2.01,2.03,1.95,2.01,1096000
104,29/05/2018 0:00,2.01,2.04,1.98,2.02,341000
105,30/05/2018 0:00,2.07,2.07,1.98,2,614500
106,31/05/2018 0:00,2,2.02,1.96,1.97,649000
107,01/06/2018 0:00,2,2,1.95,1.97,473500
108,04/06/2018 0:00,1.99,2.01,1.97,2,402000
109,05/06/2018 0:00,1.98,2.04,1.98,2.01,627000
110,06/06/2018 0:00,2.04,2.05,2,2.01,647000
111,07/06/2018 0:00,2.05,2.05,1.99,2,390500
112,11/06/2018 0:00,2,2.04,1.93,1.96,1274000
113,12/06/2018 0:00,1.95,2.04,1.9,2,4189500
114,13/06/2018 0:00,2.03,2.03,1.95,1.98,2446000
115,14/06/2018 0:00,1.96,2,1.95,1.97,1193000
116,19/06/2018 0:00,2,2,1.97,2,158000
117,20/06/2018 0:00,1.96,2,1.91,1.94,462500
118,21/06/2018 0:00,1.93,1.95,1.87,1.89,945000
119,22/06/2018 0:00,1.87,1.92,1.84,1.85,367500
120,25/06/2018 0:00,1.94,1.94,1.84,1.86,3434500
121,26/06/2018 0:00,1.9,1.91,1.82,1.84,2801500
122,27/06/2018 0:00,1.85,1.86,1.81,1.84,2109500
123,28/06/2018 0:00,1.85,1.89,1.85,1.85,1446000
124,29/06/2018 0:00,1.86,2.04,1.86,1.93,4557500
125,02/07/2018 0:00,1.93,2,1.9,1.93,1816500
126,03/07/2018 0:00,1.9,1.9,1.87,1.88,435500
127,04/07/2018 0:00,1.9,1.9,1.73,1.79,2824000
128,05/07/2018 0:00,1.8,1.82,1.76,1.8,1584000
129,06/07/2018 0:00,1.8,1.8,1.77,1.79,480500
130,09/07/2018 0:00,1.82,1.82,1.7,1.8,1410500
131,10/07/2018 0:00,1.74,1.81,1.65,1.72,2117500
132,11/07/2018 0:00,1.75,1.78,1.7,1.73,619000
133,12/07/2018 0:00,1.72,1.79,1.68,1.73,209000
134,13/07/2018 0:00,1.76,1.8,1.63,1.73,127500
135,16/07/2018 0:00,1.79,1.79,1.63,1.68,2850000
136,17/07/2018 0:00,1.74,1.74,1.65,1.68,293000
137,18/07/2018 0:00,1.69,1.84,1.67,1.79,1350000
138,19/07/2018 0:00,1.71,1.86,1.71,1.8,598500
139,20/07/2018 0:00,1.8,1.85,1.75,1.81,8087000
140,23/07/2018 0:00,1.72,1.8,1.72,1.75,1052500
141,24/07/2018 0:00,1.78,1.95,1.78,1.87,3563000
142,26/07/2018 0:00,1.91,1.93,1.75,1.79,3818500
143,27/07/2018 0:00,1.8,1.98,1.65,1.96,20000500
144,30/07/2018 0:00,2.08,2.13,1.98,2.11,35138500
145,31/07/2018 0:00,2.14,2.31,2.1,2.21,19174500
146,01/08/2018 0:00,2.2,2.26,2.12,2.22,5534000
147,02/08/2018 0:00,2.22,2.28,2.12,2.18,5493500
148,03/08/2018 0:00,2.2,2.2,2.09,2.11,2742000
149,06/08/2018 0:00,2.18,2.18,2.04,2.07,2856500
150,07/08/2018 0:00,2.08,2.08,1.97,2,4407000
151,08/08/2018 0:00,1.97,2.03,1.95,1.99,3398000
152,09/08/2018 0:00,2,2.05,1.95,2,6908500
153,10/08/2018 0:00,1.96,2.09,1.96,2.02,6703000
154,13/08/2018 0:00,2.1,2.13,2,2.04,12378000
155,15/08/2018 0:00,2.07,2.09,1.97,1.99,4480500
156,16/08/2018 0:00,2.04,2.04,1.9,1.91,2042500
157,17/08/2018 0:00,1.95,2.1,1.94,2,8380500
158,20/08/2018 0:00,2.08,2.14,2,2.03,14350000
159,24/08/2018 0:00,2.1,2.26,2.02,2.1,22524000
160,27/08/2018 0:00,2.11,2.2,2.05,2.06,4432500
161,28/08/2018 0:00,2.07,2.1,2.02,2.04,3309000
162,29/08/2018 0:00,2.1,2.1,2.01,2.03,1564500
163,30/08/2018 0:00,2.07,2.07,1.98,2,5387000
164,31/08/2018 0:00,2.04,2.18,1.98,2.11,8445500
165,03/09/2018 0:00,2.11,2.2,1.96,2,8022500
166,04/09/2018 0:00,2.02,2.03,1.92,1.95,2208500
167,05/09/2018 0:00,1.97,1.98,1.88,1.89,1959500
168,06/09/2018 0:00,1.89,1.93,1.85,1.89,1457000
169,07/09/2018 0:00,1.87,1.9,1.82,1.83,760500
170,10/09/2018 0:00,1.85,1.94,1.78,1.8,1722500
171,11/09/2018 0:00,1.83,1.86,1.79,1.82,1941500
172,12/09/2018 0:00,1.86,1.86,1.77,1.79,1490500
173,13/09/2018 0:00,1.8,1.82,1.78,1.79,484500
174,14/09/2018 0:00,1.81,1.84,1.77,1.78,2231500
175,17/09/2018 0:00,1.8,1.8,1.75,1.78,1308000
176,18/09/2018 0:00,1.76,1.8,1.74,1.79,762000
177,19/09/2018 0:00,1.8,1.84,1.77,1.78,1781500
178,24/09/2018 0:00,1.76,1.79,1.72,1.72,784500
179,25/09/2018 0:00,1.77,1.77,1.7,1.7,1325000
180,26/09/2018 0:00,1.72,1.73,1.68,1.7,597000
181,27/09/2018 0:00,1.7,1.7,1.62,1.63,1874500
182,28/09/2018 0:00,1.69,1.7,1.62,1.64,1310500
183,01/10/2018 0:00,1.65,1.7,1.63,1.64,766000
184,02/10/2018 0:00,1.68,1.69,1.63,1.64,981500
185,03/10/2018 0:00,1.7,1.7,1.62,1.65,584500
186,04/10/2018 0:00,1.65,1.74,1.6,1.64,1726500
187,05/10/2018 0:00,1.68,1.92,1.61,1.68,9335000
188,08/10/2018 0:00,1.74,1.89,1.61,1.64,10278500
189,09/10/2018 0:00,1.69,1.72,1.54,1.58,3776500
190,10/10/2018 0:00,1.55,1.82,1.55,1.6,9551500
191,11/10/2018 0:00,1.66,1.66,1.53,1.54,3038500
192,12/10/2018 0:00,1.58,1.59,1.4,1.43,2409000
193,15/10/2018 0:00,1.46,1.63,1.46,1.6,6715000
194,16/10/2018 0:00,1.59,1.66,1.4,1.53,36080500
195,17/10/2018 0:00,1.55,1.68,1.5,1.66,7149500
196,18/10/2018 0:00,1.67,1.75,1.64,1.69,2700500
197,19/10/2018 0:00,1.66,1.8,1.65,1.79,2075000
198,22/10/2018 0:00,1.75,1.79,1.68,1.7,1643000
199,23/10/2018 0:00,1.69,1.75,1.66,1.68,1067500
200,24/10/2018 0:00,1.71,1.94,1.71,1.92,5211000
201,25/10/2018 0:00,1.94,2.04,1.75,1.96,9994000
202,26/10/2018 0:00,2,2.18,2,2.1,14800500
203,29/10/2018 0:00,2.11,2.18,1.99,2.02,8596000
204,30/10/2018 0:00,2.03,2.05,1.87,1.91,4040000
205,31/10/2018 0:00,1.95,2.09,1.85,2.05,8425000
206,01/11/2018 0:00,2.08,2.08,1.94,1.95,2848000
207,02/11/2018 0:00,2,2,1.91,1.95,2724000
208,05/11/2018 0:00,1.98,1.98,1.85,1.87,1944000
209,06/11/2018 0:00,1.87,2.02,1.8,1.91,5596500
210,07/11/2018 0:00,1.96,2.03,1.94,1.96,1652000
211,08/11/2018 0:00,1.94,1.98,1.85,1.89,961000
212,09/11/2018 0:00,1.85,1.95,1.85,1.88,295500
213,12/11/2018 0:00,1.89,1.91,1.85,1.87,383500
214,13/11/2018 0:00,1.85,1.88,1.83,1.84,1762500
215,14/11/2018 0:00,1.9,1.91,1.78,1.79,5447000
216,15/11/2018 0:00,1.76,1.86,1.76,1.8,2655000
217,16/11/2018 0:00,1.85,1.85,1.77,1.79,1506500
218,19/11/2018 0:00,1.85,1.85,1.76,1.78,702500
219,20/11/2018 0:00,1.83,1.83,1.76,1.8,536000
220,22/11/2018 0:00,1.8,1.81,1.74,1.75,1303000
221,23/11/2018 0:00,1.84,1.84,1.75,1.79,2534500
222,26/11/2018 0:00,1.8,1.81,1.74,1.78,861500
223,27/11/2018 0:00,1.79,1.79,1.7,1.76,511000
224,28/11/2018 0:00,1.75,1.79,1.72,1.76,497000
225,29/11/2018 0:00,1.74,1.79,1.73,1.79,402500
226,30/11/2018 0:00,1.79,1.8,1.66,1.7,851000
227,03/12/2018 0:00,1.75,1.75,1.55,1.6,6675500
228,04/12/2018 0:00,1.57,1.66,1.55,1.65,2163500
229,05/12/2018 0:00,1.7,1.72,1.6,1.66,1027000
230,06/12/2018 0:00,1.71,1.71,1.55,1.58,20670500
231,07/12/2018 0:00,1.64,1.64,1.56,1.63,888500
232,10/12/2018 0:00,1.69,1.69,1.56,1.64,1206000
233,11/12/2018 0:00,1.64,1.69,1.57,1.64,1409500
234,12/12/2018 0:00,1.64,1.64,1.5,1.54,5736500
235,13/12/2018 0:00,1.61,1.62,1.5,1.53,1036000
236,14/12/2018 0:00,1.55,1.66,1.53,1.6,2297000
237,17/12/2018 0:00,1.65,1.65,1.51,1.52,1409000
238,18/12/2018 0:00,1.55,1.55,1.5,1.52,1566500
239,19/12/2018 0:00,1.53,1.55,1.47,1.49,3673500
240,20/12/2018 0:00,1.55,1.55,1.48,1.5,5847000
241,21/12/2018 0:00,1.51,1.55,1.48,1.5,1569500
242,24/12/2018 0:00,1.5,1.5,1.48,1.5,225000
243,26/12/2018 0:00,1.51,1.51,1.48,1.49,1167500
244,27/12/2018 0:00,1.49,1.5,1.45,1.46,714500
245,28/12/2018 0:00,1.48,1.48,1.39,1.41,1440000
246,31/12/2018 0:00,1.41,1.46,1.37,1.39,1636000
247,01/01/2019 0:00,1.43,1.45,1.39,1.45,957500
248,02/01/2019 0:00,1.48,1.5,1.4,1.41,397500
249,03/01/2019 0:00,1.42,1.44,1.39,1.4,553000
250,04/01/2019 0:00,1.4,1.4,1.34,1.36,1996000
251,07/01/2019 0:00,1.36,1.44,1.34,1.39,5153000
252,08/01/2019 0:00,1.41,1.44,1.37,1.39,1637000
253,09/01/2019 0:00,1.41,1.44,1.38,1.41,749500
254,10/01/2019 0:00,1.44,1.66,1.41,1.61,7960500
255,11/01/2019 0:00,1.6,1.63,1.52,1.54,1285500
256,14/01/2019 0:00,1.62,1.65,1.55,1.59,1617000
257,15/01/2019 0:00,1.56,1.59,1.51,1.52,1087000
258,16/01/2019 0:00,1.51,1.55,1.41,1.45,1298500
259,17/01/2019 0:00,1.46,1.54,1.45,1.48,623500
260,18/01/2019 0:00,1.53,1.61,1.49,1.59,2531000
261,21/01/2019 0:00,1.6,1.62,1.54,1.61,953500
262,22/01/2019 0:00,1.59,1.66,1.58,1.62,2019500
263,23/01/2019 0:00,1.64,1.66,1.51,1.61,1319500
264,24/01/2019 0:00,1.67,1.68,1.59,1.6,1513500
265,25/01/2019 0:00,1.61,1.68,1.6,1.65,1939500
266,28/01/2019 0:00,1.62,1.64,1.6,1.61,1004500
267,29/01/2019 0:00,1.64,1.66,1.55,1.57,1767500
268,30/01/2019 0:00,1.58,1.71,1.58,1.64,1775500
269,31/01/2019 0:00,1.6,1.84,1.6,1.81,15619500
270,01/02/2019 0:00,1.8,1.82,1.72,1.74,2826000
271,04/02/2019 0:00,1.75,1.77,1.7,1.72,2073000
272,06/02/2019 0:00,1.7,1.77,1.63,1.64,3896000
273,07/02/2019 0:00,1.67,1.68,1.6,1.61,2122500
274,08/02/2019 0:00,1.67,1.7,1.6,1.6,1470500
275,11/02/2019 0:00,1.65,1.65,1.55,1.56,647500
276,12/02/2019 0:00,1.62,1.62,1.55,1.58,570500
277,13/02/2019 0:00,1.61,1.65,1.54,1.56,12984000
278,14/02/2019 0:00,1.57,1.57,1.53,1.55,736000
279,15/02/2019 0:00,1.59,1.59,1.53,1.54,709000
280,18/02/2019 0:00,1.55,1.57,1.51,1.52,363000
281,19/02/2019 0:00,1.55,1.55,1.47,1.48,1642000
282,20/02/2019 0:00,1.46,1.51,1.41,1.49,2079000
283,21/02/2019 0:00,1.53,1.53,1.47,1.51,608500
284,22/02/2019 0:00,1.55,1.6,1.53,1.56,570500
285,25/02/2019 0:00,1.6,1.61,1.5,1.51,614000
286,26/02/2019 0:00,1.5,1.51,1.43,1.48,3247500
287,27/02/2019 0:00,1.42,1.5,1.23,1.36,8053000
288,28/02/2019 0:00,1.43,1.43,1.37,1.4,9808000
289,01/03/2019 0:00,1.43,1.46,1.38,1.4,2133000
290,04/03/2019 0:00,1.45,1.45,1.38,1.4,1025000
291,05/03/2019 0:00,1.41,1.41,1.38,1.4,947500
292,06/03/2019 0:00,1.4,1.41,1.37,1.39,1610000
293,07/03/2019 0:00,1.38,1.4,1.35,1.36,1746000
294,08/03/2019 0:00,1.37,1.4,1.3,1.32,12473000
295,11/03/2019 0:00,1.4,1.4,1.32,1.35,1293000
296,12/03/2019 0:00,1.36,1.37,1.29,1.3,8815500
297,13/03/2019 0:00,1.34,1.35,1.31,1.34,377000
298,14/03/2019 0:00,1.34,1.35,1.28,1.32,2327000
299,15/03/2019 0:00,1.35,1.46,1.29,1.31,1971500
300,18/03/2019 0:00,1.3,1.34,1.27,1.29,1369000
301,19/03/2019 0:00,1.29,1.3,1.26,1.28,800000
302,20/03/2019 0:00,1.29,1.29,1.19,1.2,6463500
303,21/03/2019 0:00,1.21,1.21,1.14,1.15,2827500
304,22/03/2019 0:00,1.2,1.2,1.13,1.14,1660500
305,25/03/2019 0:00,1.18,1.18,1.07,1.08,3731500
306,26/03/2019 0:00,1.15,1.19,1.08,1.09,15439000
307,27/03/2019 0:00,1.1,1.16,1.09,1.12,13609500
308,28/03/2019 0:00,1.13,1.14,1.07,1.08,3756000
309,29/03/2019 0:00,1.09,1.1,1.06,1.09,1871500
310,01/04/2019 0:00,1.09,1.12,1.04,1.04,1108000
311,02/04/2019 0:00,1.07,1.1,1.06,1.1,1099500
312,03/04/2019 0:00,1.12,1.31,1.09,1.13,31443500
313,04/04/2019 0:00,1.15,1.19,1.07,1.1,10430000
314,05/04/2019 0:00,1.11,1.17,1.09,1.14,7226000
315,08/04/2019 0:00,1.16,1.2,1.11,1.16,4722500
316,09/04/2019 0:00,1.17,1.25,1.17,1.23,7579000
317,10/04/2019 0:00,1.1,1.2,1.01,1.04,17986500
318,11/04/2019 0:00,1.04,1.15,1.02,1.14,9786500
319,12/04/2019 0:00,1.15,1.21,1.09,1.1,10554500
320,15/04/2019 0:00,1.11,1.13,1.08,1.09,4481500
321,16/04/2019 0:00,1.09,1.11,1.07,1.09,1554000
322,17/04/2019 0:00,1.09,1.1,1.02,1.05,2794500
323,18/04/2019 0:00,1.09,1.09,1.02,1.05,1881000
324,19/04/2019 0:00,1.08,1.1,1.02,1.05,8689500
325,22/04/2019 0:00,1.1,1.1,1.02,1.03,1290500
326,23/04/2019 0:00,1.03,1.05,1.01,1.03,1364000
327,24/04/2019 0:00,1.05,1.07,1.03,1.04,3179500
328,25/04/2019 0:00,1.05,1.07,1,1.02,7407500
329,26/04/2019 0:00,1.02,1.05,1.02,1.04,1120000
330,29/04/2019 0:00,1.09,1.09,1,1.04,2450500
331,30/04/2019 0:00,1.02,1.07,1.02,1.03,951000
332,02/05/2019 0:00,1.05,1.05,1,1.01,1890000
333,03/05/2019 0:00,1.02,1.02,0.97,1,776000
334,06/05/2019 0:00,1,1.03,0.98,1.02,1953000
335,07/05/2019 0:00,1,1.02,0.99,1,671500
336,08/05/2019 0:00,1.02,1.02,0.9,0.99,3932500
337,09/05/2019 0:00,0.96,1,0.94,0.99,669000
338,10/05/2019 0:00,0.98,1.06,0.97,0.99,199500
339,13/05/2019 0:00,1,1.03,0.85,0.87,1536000
340,14/05/2019 0:00,0.92,0.92,0.85,0.87,1323000
341,15/05/2019 0:00,0.89,0.93,0.88,0.9,892500
342,16/05/2019 0:00,0.94,0.94,0.82,0.89,2153000
343,17/05/2019 0:00,0.87,0.87,0.75,0.77,1496000
344,20/05/2019 0:00,0.8,0.9,0.72,0.88,1903500
345,21/05/2019 0:00,0.88,0.88,0.79,0.8,3128500
346,22/05/2019 0:00,0.82,0.86,0.8,0.81,20146000
347,23/05/2019 0:00,0.84,0.86,0.79,0.8,11684000
348,24/05/2019 0:00,0.82,0.82,0.78,0.79,2270500
349,27/05/2019 0:00,0.79,0.86,0.75,0.77,10045500
350,28/05/2019 0:00,0.79,0.8,0.76,0.78,2561500
351,29/05/2019 0:00,0.79,0.85,0.79,0.8,3441500
352,30/05/2019 0:00,0.81,0.85,0.8,0.82,3633500
353,03/06/2019 0:00,0.84,0.88,0.75,0.87,20613000
354,10/06/2019 0:00,0.89,0.89,0.8,0.81,2468500
355,11/06/2019 0:00,0.82,0.85,0.78,0.85,1878000
356,12/06/2019 0:00,0.88,0.89,0.79,0.83,4909000
357,13/06/2019 0:00,0.85,0.85,0.81,0.82,2183500
358,14/06/2019 0:00,0.83,0.84,0.79,0.81,1960500
359,17/06/2019 0:00,0.81,0.81,0.77,0.78,2227500
360,18/06/2019 0:00,0.8,0.8,0.75,0.76,1602000
361,19/06/2019 0:00,0.77,0.92,0.74,0.75,9587500
362,20/06/2019 0:00,0.77,0.81,0.77,0.79,17183000
363,21/06/2019 0:00,0.81,0.82,0.78,0.79,15891000
364,24/06/2019 0:00,0.82,0.82,0.74,0.74,2077500
365,25/06/2019 0:00,0.76,0.76,0.69,0.7,4784500
366,26/06/2019 0:00,0.7,0.71,0.65,0.7,3561000
367,27/06/2019 0:00,0.71,0.74,0.69,0.7,457500
368,28/06/2019 0:00,0.7,0.7,0.66,0.7,3553500
369,01/07/2019 0:00,0.71,0.73,0.69,0.72,403500
370,02/07/2019 0:00,0.73,0.77,0.7,0.76,3356500
371,03/07/2019 0:00,0.74,0.79,0.74,0.77,2095000
372,04/07/2019 0:00,0.78,0.79,0.71,0.73,1660500
373,05/07/2019 0:00,0.73,0.73,0.68,0.7,1728000
374,08/07/2019 0:00,0.69,0.72,0.65,0.67,1272500
375,09/07/2019 0:00,0.69,0.72,0.68,0.69,738500
376,10/07/2019 0:00,0.7,0.7,0.67,0.69,94500
377,11/07/2019 0:00,0.7,0.73,0.68,0.7,342500
378,12/07/2019 0:00,0.69,0.7,0.66,0.68,601000
379,15/07/2019 0:00,0.68,0.68,0.63,0.65,1270500
380,16/07/2019 0:00,0.65,0.66,0.63,0.66,917500
381,17/07/2019 0:00,0.67,0.68,0.64,0.65,1063000
382,18/07/2019 0:00,0.66,0.66,0.6,0.61,1951500
383,19/07/2019 0:00,0.62,0.62,0.59,0.6,1086000
384,22/07/2019 0:00,0.61,0.63,0.6,0.62,1048000
385,23/07/2019 0:00,0.62,0.64,0.59,0.6,7804500
386,24/07/2019 0:00,0.61,0.62,0.6,0.61,689000
387,25/07/2019 0:00,0.6,0.62,0.59,0.6,1365500
388,26/07/2019 0:00,0.6,0.68,0.57,0.59,7246000
389,29/07/2019 0:00,0.6,0.6,0.56,0.58,366500
390,30/07/2019 0:00,0.57,0.6,0.56,0.57,909500
391,31/07/2019 0:00,0.57,0.6,0.57,0.6,2660500
392,01/08/2019 0:00,0.59,0.61,0.58,0.6,1073000
393,02/08/2019 0:00,0.6,0.6,0.58,0.58,592000
394,05/08/2019 0:00,0.58,0.58,0.54,0.55,1297000
395,06/08/2019 0:00,0.54,0.58,0.54,0.55,2021000
396,07/08/2019 0:00,0.56,0.58,0.53,0.57,1428500
397,08/08/2019 0:00,0.56,0.58,0.53,0.55,1099000
398,09/08/2019 0:00,0.56,0.64,0.54,0.55,3571000
399,16/08/2019 0:00,0.55,0.57,0.55,0.57,137500
400,19/08/2019 0:00,0.56,0.6,0.56,0.6,1142500
401,20/08/2019 0:00,0.6,0.6,0.57,0.57,3337500
402,21/08/2019 0:00,0.59,0.6,0.56,0.59,1434000
403,22/08/2019 0:00,0.6,0.78,0.6,0.75,22570000
404,23/08/2019 0:00,0.78,0.85,0.7,0.83,14428500
405,26/08/2019 0:00,0.83,0.85,0.74,0.76,4245000
406,27/08/2019 0:00,0.72,0.76,0.72,0.75,1040500
407,28/08/2019 0:00,0.78,0.8,0.72,0.72,1692500
408,29/08/2019 0:00,0.72,0.78,0.69,0.76,4805000
409,30/08/2019 0:00,0.77,0.83,0.72,0.75,5358500
410,02/09/2019 0:00,0.82,0.85,0.72,0.82,12193500
411,03/09/2019 0:00,0.84,0.84,0.77,0.8,4554500
412,04/09/2019 0:00,0.8,0.85,0.79,0.85,7345500
413,05/09/2019 0:00,0.85,0.88,0.83,0.86,12938000
414,06/09/2019 0:00,0.86,0.91,0.85,0.89,4576500
415,11/09/2019 0:00,0.9,0.91,0.83,0.85,6688000
416,12/09/2019 0:00,0.86,1.05,0.85,0.98,18328500
417,13/09/2019 0:00,0.95,1.04,0.94,0.98,4348000
418,16/09/2019 0:00,1,1.03,0.95,1,3728000
419,17/09/2019 0:00,1.03,1.03,0.97,0.98,1241000
420,18/09/2019 0:00,0.96,1.03,0.9,1.01,10331000
421,19/09/2019 0:00,1,1.08,0.99,1.01,6661500
422,20/09/2019 0:00,1.02,1.08,1.02,1.04,6115500
423,23/09/2019 0:00,1.05,1.05,0.95,0.96,3800500
424,24/09/2019 0:00,0.95,0.95,0.91,0.93,1843000
425,25/09/2019 0:00,0.93,1.1,0.93,1.08,12449000
426,26/09/2019 0:00,1.1,1.17,1.09,1.11,11864500
427,27/09/2019 0:00,1.1,1.18,1.06,1.16,8688000
428,30/09/2019 0:00,1.16,1.2,1.13,1.15,9077500
429,01/10/2019 0:00,1.14,1.19,1.12,1.16,7639000
430,02/10/2019 0:00,1.16,1.18,1,1.13,13541500
431,03/10/2019 0:00,1.2,1.21,1.15,1.18,9598000
432,04/10/2019 0:00,1.2,1.28,1.2,1.26,33228000
433,07/10/2019 0:00,1.26,1.27,1.18,1.19,12844000
434,08/10/2019 0:00,1.2,1.23,1.15,1.18,4525500
435,09/10/2019 0:00,1.2,1.22,1.13,1.13,3580500
436,10/10/2019 0:00,1.15,1.15,1.09,1.11,7373000
437,11/10/2019 0:00,1.11,1.14,1.06,1.11,30819500
438,14/10/2019 0:00,1.15,1.2,1.04,1.06,14251500
439,15/10/2019 0:00,1.09,1.11,1.01,1.07,18275500
440,16/10/2019 0:00,1.07,1.12,1.07,1.12,11799000
441,17/10/2019 0:00,1.13,1.13,1.06,1.06,1217500
442,18/10/2019 0:00,1.06,1.13,1.04,1.07,1029500
443,21/10/2019 0:00,1.12,1.09,1.02,1.06,2323500
444,22/10/2019 0:00,1.08,1.08,0.96,1.02,1526000
445,23/10/2019 0:00,1.03,1.04,1.01,1.01,12558000
446,24/10/2019 0:00,1.04,1.05,1.01,1.02,17230000
447,25/10/2019 0:00,1.12,1.12,1.02,1.05,24306500
448,28/10/2019 0:00,1.05,1.12,1.05,1.11,4108000
449,29/10/2019 0:00,1.12,1.28,1.07,1.22,37529000
450,30/10/2019 0:00,1.25,1.3,1.15,1.2,13341000
451,31/10/2019 0:00,1.3,1.33,1.16,1.22,24256500
452,01/11/2019 0:00,1.28,1.29,1.2,1.25,5304500
453,04/11/2019 0:00,1.25,1.26,1.19,1.2,3732000
454,05/11/2019 0:00,1.27,1.64,1.27,1.48,81714000
455,06/11/2019 0:00,1.54,1.57,1.47,1.49,15795500
456,07/11/2019 0:00,1.5,1.8,1.48,1.7,45814500
457,08/11/2019 0:00,1.7,1.83,1.66,1.69,21461500
458,11/11/2019 0:00,1.7,1.78,1.69,1.71,14480500
459,12/11/2019 0:00,1.74,1.78,1.65,1.66,10261500
460,13/11/2019 0:00,1.65,1.65,1.54,1.63,12861000
461,14/11/2019 0:00,1.63,1.66,1.55,1.59,4232000
462,15/11/2019 0:00,1.61,1.7,1.56,1.67,4624000
463,18/11/2019 0:00,1.67,1.72,1.62,1.66,6540500
464,19/11/2019 0:00,1.69,1.69,1.57,1.58,4741500
465,20/11/2019 0:00,1.6,1.65,1.56,1.59,28332000
466,21/11/2019 0:00,1.64,1.64,1.5,1.51,4682000
467,22/11/2019 0:00,1.51,1.57,1.5,1.55,2548000
468,25/11/2019 0:00,1.55,1.61,1.55,1.59,2449500
469,26/11/2019 0:00,1.61,1.61,1.45,1.46,4971000
470,27/11/2019 0:00,1.55,1.55,1.45,1.47,1678500
471,28/11/2019 0:00,1.5,1.55,1.45,1.46,5917000
472,29/11/2019 0:00,1.54,1.55,1.47,1.52,6009000
473,02/12/2019 0:00,1.55,1.58,1.49,1.5,4459000
474,03/12/2019 0:00,1.51,1.56,1.46,1.48,3836000
475,04/12/2019 0:00,1.55,1.57,1.48,1.53,4709500
476,05/12/2019 0:00,1.55,1.55,1.45,1.47,4244500
477,06/12/2019 0:00,1.47,1.52,1.45,1.46,2610500
478,09/12/2019 0:00,1.48,1.5,1.39,1.4,4495500
479,10/12/2019 0:00,1.45,1.45,1.36,1.43,2632000
480,11/12/2019 0:00,1.45,1.45,1.38,1.4,2492500
481,12/12/2019 0:00,1.38,1.4,1.36,1.38,1666500
482,13/12/2019 0:00,1.38,1.41,1.35,1.39,2095000
483,16/12/2019 0:00,1.39,1.44,1.31,1.33,4947500
484,17/12/2019 0:00,1.38,1.38,1.3,1.34,1941500
485,18/12/2019 0:00,1.31,1.33,1.26,1.3,1722500
486,19/12/2019 0:00,1.28,1.32,1.21,1.24,1554500
487,20/12/2019 0:00,1.3,1.3,1.17,1.28,5271000
488,23/12/2019 0:00,1.23,1.41,1.2,1.21,13641000
489,24/12/2019 0:00,1.23,1.34,1.18,1.2,10846500
490,26/12/2019 0:00,1.23,1.31,1.2,1.27,21015000
491,27/12/2019 0:00,1.3,1.52,1.28,1.38,31828500
492,30/12/2019 0:00,1.45,1.45,1.36,1.38,9117000
493,31/12/2019 0:00,1.4,1.48,1.36,1.38,4671500
494,01/01/2020 0:00,1.4,1.51,1.37,1.47,6393000
495,02/01/2020 0:00,1.46,1.56,1.46,1.53,10414000
496,03/01/2020 0:00,1.53,1.55,1.4,1.41,9920500
497,06/01/2020 0:00,1.38,1.38,1.3,1.31,4473000
498,07/01/2020 0:00,1.3,1.42,1.3,1.39,3504000
499,08/01/2020 0:00,1.36,1.36,1.28,1.3,5180500
500,09/01/2020 0:00,1.4,1.4,1.29,1.33,19863500
501,10/01/2020 0:00,1.37,1.38,1.29,1.33,13129000
502,13/01/2020 0:00,1.31,1.38,1.31,1.36,3262500
503,14/01/2020 0:00,1.39,1.4,1.35,1.38,3826500
504,15/01/2020 0:00,1.36,1.39,1.32,1.34,1230500
505,16/01/2020 0:00,1.38,1.38,1.29,1.3,11671500
506,17/01/2020 0:00,1.34,1.34,1.27,1.28,8592000
507,20/01/2020 0:00,1.3,1.3,1.24,1.25,9750500
508,21/01/2020 0:00,1.29,1.29,1.19,1.21,9804500
509,22/01/2020 0:00,1.22,1.24,1.17,1.23,3953000
510,23/01/2020 0:00,1.19,1.26,1.1,1.2,16497000
511,24/01/2020 0:00,1.24,1.24,1.14,1.19,3181000
512,27/01/2020 0:00,1.24,1.24,1.14,1.17,3553500
513,28/01/2020 0:00,1.17,1.19,1.15,1.16,1564000
514,29/01/2020 0:00,1.15,1.21,1.07,1.09,22725000
515,30/01/2020 0:00,1.1,1.15,1.05,1.13,8059500
516,31/01/2020 0:00,1.13,1.13,1.09,1.1,5920000
517,03/02/2020 0:00,1.06,1.08,1.04,1.05,7070500
518,04/02/2020 0:00,1.05,1.1,1.04,1.06,3583000
519,06/02/2020 0:00,1.08,1.1,1.04,1.06,2064500
520,07/02/2020 0:00,1.05,1.08,1.01,1.02,2765000
521,10/02/2020 0:00,1.04,1.05,0.98,1,8953500
522,11/02/2020 0:00,1.01,1.02,0.98,1,6131000
523,12/02/2020 0:00,1.01,1.04,0.99,1,5335000
524,13/02/2020 0:00,1,1.05,0.98,0.99,3466000
525,14/02/2020 0:00,1,1.01,0.98,0.99,1899500
526,17/02/2020 0:00,0.99,1,0.97,0.97,1638000
527,18/02/2020 0:00,1,1,0.94,0.95,2493500
528,19/02/2020 0:00,0.96,0.97,0.93,0.94,4295000
529,20/02/2020 0:00,0.94,0.96,0.92,0.93,1667500
530,21/02/2020 0:00,0.94,0.95,0.92,0.94,467000
531,24/02/2020 0:00,0.93,0.95,0.85,0.89,4057000
532,25/02/2020 0:00,0.89,0.89,0.82,0.87,3071500
533,26/02/2020 0:00,0.86,0.89,0.84,0.88,1038000
534,27/02/2020 0:00,0.79,0.86,0.79,0.84,2905500
535,28/02/2020 0:00,0.87,0.97,0.85,0.95,1632500
536,02/03/2020 0:00,0.95,1.05,0.89,0.98,8506500
537,03/03/2020 0:00,0.98,1,0.93,0.95,3014500
538,04/03/2020 0:00,0.97,0.97,0.93,0.94,664500
539,05/03/2020 0:00,0.97,1.01,0.94,0.99,8836500
540,06/03/2020 0:00,0.99,0.99,0.93,0.95,1133500
541,09/03/2020 0:00,0.9,0.9,0.77,0.84,4765000
542,10/03/2020 0:00,0.89,0.92,0.84,0.89,1108000
543,11/03/2020 0:00,0.86,0.9,0.82,0.83,2307500
544,12/03/2020 0:00,0.84,0.84,0.78,0.79,4380000
545,13/03/2020 0:00,0.79,0.85,0.74,0.8,5690500
546,16/03/2020 0:00,0.84,0.84,0.7,0.72,4395500
547,17/03/2020 0:00,0.67,0.76,0.67,0.7,3971000
548,18/03/2020 0:00,0.7,0.72,0.65,0.67,3510000
549,19/03/2020 0:00,0.65,0.75,0.6,0.73,6706500
550,20/03/2020 0:00,0.76,0.8,0.7,0.77,3896000
551,24/03/2020 0:00,0.7,0.75,0.62,0.67,1018500
552,25/03/2020 0:00,0.7,0.7,0.64,0.66,1579500
553,26/03/2020 0:00,0.67,0.72,0.66,0.69,1595000
554,27/03/2020 0:00,0.69,0.75,0.66,0.74,986500
555,30/03/2020 0:00,0.73,0.73,0.69,0.72,909500
556,31/03/2020 0:00,0.72,0.75,0.7,0.75,1528000
557,01/04/2020 0:00,0.75,0.75,0.73,0.74,1602500
558,02/04/2020 0:00,0.74,0.78,0.7,0.75,10817000
559,03/04/2020 0:00,0.75,0.75,0.7,0.74,7410500
560,06/04/2020 0:00,0.75,0.75,0.71,0.72,1361000
561,07/04/2020 0:00,0.73,0.73,0.7,0.73,2240500
562,08/04/2020 0:00,0.74,0.74,0.71,0.73,744000
563,09/04/2020 0:00,0.74,0.76,0.72,0.73,5474500
564,10/04/2020 0:00,0.71,0.75,0.7,0.72,1573500
565,13/04/2020 0:00,0.71,0.73,0.69,0.72,3535500
566,14/04/2020 0:00,0.72,0.74,0.68,0.71,1326000
567,15/04/2020 0:00,0.71,0.72,0.68,0.69,865500
568,16/04/2020 0:00,0.7,0.75,0.69,0.73,1474000
569,17/04/2020 0:00,0.75,0.9,0.75,0.81,11753000
570,20/04/2020 0:00,0.85,0.87,0.79,0.85,7464000
571,21/04/2020 0:00,0.8,0.85,0.7,0.8,2577500
572,22/04/2020 0:00,0.8,0.85,0.78,0.8,2881500
573,23/04/2020 0:00,0.85,0.85,0.8,0.81,771000
574,24/04/2020 0:00,0.83,0.85,0.8,0.82,1048500
575,27/04/2020 0:00,0.8,0.81,0.78,0.8,284000
576,28/04/2020 0:00,0.83,0.84,0.77,0.8,4513500
577,29/04/2020 0:00,0.82,0.82,0.79,0.8,454000
578,30/04/2020 0:00,0.79,0.82,0.78,0.79,2458500
579,04/05/2020 0:00,0.79,0.81,0.75,0.79,1527000
580,05/05/2020 0:00,0.77,0.85,0.76,0.77,7177500
581,06/05/2020 0:00,0.8,0.8,0.76,0.77,5158500
582,07/05/2020 0:00,0.78,0.8,0.75,0.76,4698000
583,08/05/2020 0:00,0.79,0.79,0.77,0.78,788000
584,11/05/2020 0:00,0.8,1.1,0.8,1,62427000
585,12/05/2020 0:00,1.02,1.04,0.93,0.95,13324500
586,13/05/2020 0:00,0.98,0.98,0.87,0.9,6846000
587,14/05/2020 0:00,0.9,0.92,0.84,0.88,6360500
588,15/05/2020 0:00,0.89,0.95,0.89,0.94,4037500
589,18/05/2020 0:00,0.96,1.02,0.89,0.91,17323000
590,19/05/2020 0:00,0.97,0.97,0.9,0.91,3760000
591,20/05/2020 0:00,0.91,0.93,0.9,0.92,2752000
592,21/05/2020 0:00,0.93,0.93,0.9,0.91,1798000
593,28/05/2020 0:00,0.93,0.93,0.86,0.88,3374500
594,29/05/2020 0:00,0.9,0.91,0.87,0.89,4259000
595,01/06/2020 0:00,0.91,0.92,0.87,0.87,2572000
596,02/06/2020 0:00,0.91,0.91,0.85,0.86,1697000
597,03/06/2020 0:00,0.88,0.9,0.84,0.84,1620500
598,04/06/2020 0:00,0.86,0.86,0.81,0.83,1310500
599,05/06/2020 0:00,0.84,0.85,0.81,0.83,953500
600,08/06/2020 0:00,0.86,0.86,0.81,0.82,1538500
601,09/06/2020 0:00,0.81,0.85,0.8,0.81,2701000
602,10/06/2020 0:00,0.81,0.83,0.8,0.8,3387000
603,11/06/2020 0:00,0.81,0.85,0.8,0.83,2200500
604,12/06/2020 0:00,0.84,0.85,0.78,0.83,1399500
605,15/06/2020 0:00,0.81,0.84,0.8,0.8,1288000
606,16/06/2020 0:00,0.84,0.85,0.79,0.84,2240500
607,17/06/2020 0:00,0.84,0.9,0.83,0.84,3202000
608,18/06/2020 0:00,0.87,0.87,0.81,0.83,968500
609,19/06/2020 0:00,0.83,0.85,0.8,0.81,1032000
610,22/06/2020 0:00,0.81,0.84,0.79,0.81,1050000
611,23/06/2020 0:00,0.84,0.84,0.8,0.82,776000
612,24/06/2020 0:00,0.81,0.84,0.8,0.8,4054500
613,25/06/2020 0:00,0.83,0.97,0.83,0.87,19554000
614,26/06/2020 0:00,0.93,0.93,0.83,0.85,2761000
615,29/06/2020 0:00,0.85,0.93,0.85,0.9,2468500
616,30/06/2020 0:00,0.9,0.91,0.86,0.87,1459500
617,01/07/2020 0:00,0.9,0.96,0.88,0.94,11208000
618,02/07/2020 0:00,1.04,1.14,1,1.05,52827000
619,03/07/2020 0:00,1.03,1.05,0.93,0.96,8769500
620,06/07/2020 0:00,0.98,1,0.91,0.96,5932500
621,07/07/2020 0:00,0.97,1,0.95,0.99,4817500
622,08/07/2020 0:00,1.03,1.07,1,1.05,13545500
623,09/07/2020 0:00,1.08,1.09,1.02,1.06,8490500
624,10/07/2020 0:00,1.04,1.06,1,1.01,4997500
625,13/07/2020 0:00,1.01,1.04,0.97,0.99,6835000
626,14/07/2020 0:00,1,1.01,0.97,0.99,2721000
627,15/07/2020 0:00,1.04,1.04,0.96,0.98,3257500
628,16/07/2020 0:00,1.01,1.01,0.95,0.96,2406500
629,17/07/2020 0:00,0.99,0.99,0.92,0.94,2749000
630,20/07/2020 0:00,0.99,0.99,0.91,0.94,6693500
631,21/07/2020 0:00,0.98,0.98,0.89,0.93,14071000
632,22/07/2020 0:00,0.96,0.98,0.92,0.94,2878000
633,23/07/2020 0:00,0.97,0.96,0.9,0.91,5174000
634,24/07/2020 0:00,0.91,0.93,0.88,0.89,3802000
635,27/07/2020 0:00,0.92,0.92,0.86,0.88,3345500
636,28/07/2020 0:00,0.92,0.97,0.89,0.96,3992500
637,29/07/2020 0:00,0.96,0.99,0.91,0.95,7071000
638,30/07/2020 0:00,0.99,1.05,0.96,1.01,16879000
639,03/08/2020 0:00,1.01,1.03,0.97,1.01,5931000
640,04/08/2020 0:00,1,1,0.95,0.96,3508000
641,05/08/2020 0:00,0.98,1.07,0.95,1.01,13091000
642,06/08/2020 0:00,1.02,1.47,1.02,1.43,242817000
643,07/08/2020 0:00,1.53,1.65,1.45,1.48,144414000
644,10/08/2020 0:00,1.5,1.55,1.25,1.34,35836000
645,11/08/2020 0:00,1.37,1.4,1.25,1.29,21865500
646,12/08/2020 0:00,1.29,1.29,1.2,1.22,19310000
647,13/08/2020 0:00,1.21,1.4,1.17,1.34,33450500
648,17/08/2020 0:00,1.44,1.46,1.33,1.36,15049500
649,18/08/2020 0:00,1.41,1.42,1.31,1.32,12240500
650,19/08/2020 0:00,1.31,1.35,1.27,1.28,8507500
651,20/08/2020 0:00,1.31,1.35,1.26,1.27,7799000
652,21/08/2020 0:00,1.25,1.27,1.18,1.21,23982500
653,24/08/2020 0:00,1.18,1.27,1.18,1.18,20175500
654,25/08/2020 0:00,1.19,1.22,1.17,1.19,13596000
655,26/08/2020 0:00,1.2,1.23,1.17,1.18,6840000
656,27/08/2020 0:00,1.2,1.24,1.18,1.2,5270500
657,28/08/2020 0:00,1.2,1.23,1.18,1.19,4084500
658,31/08/2020 0:00,1.19,1.2,1.17,1.18,3453500
659,01/09/2020 0:00,1.19,1.21,1.17,1.19,3968500
660,02/09/2020 0:00,1.24,1.27,1.2,1.23,7414000
661,03/09/2020 0:00,1.25,1.36,1.23,1.31,19085500
662,04/09/2020 0:00,1.34,1.34,1.28,1.32,6849500
663,07/09/2020 0:00,1.36,1.37,1.28,1.34,7365500
664,08/09/2020 0:00,1.31,1.34,1.25,1.25,9955000
665,09/09/2020 0:00,1.29,1.44,1.24,1.36,37670500
666,10/09/2020 0:00,1.45,1.5,1.37,1.39,42902000
667,11/09/2020 0:00,1.4,1.45,1.32,1.34,5963000
668,14/09/2020 0:00,1.35,1.38,1.28,1.3,5645000
669,15/09/2020 0:00,1.35,1.35,1.26,1.33,8471000
670,16/09/2020 0:00,1.35,1.35,1.25,1.26,7162000
671,17/09/2020 0:00,1.26,1.35,1.25,1.29,6987000
672,18/09/2020 0:00,1.29,1.32,1.22,1.27,2813500
673,21/09/2020 0:00,1.29,1.29,1.23,1.24,1996000
674,22/09/2020 0:00,1.28,1.28,1.21,1.23,3076500
675,23/09/2020 0:00,1.22,1.25,1.2,1.21,5804500
676,24/09/2020 0:00,1.21,1.23,1.18,1.19,3203000
677,25/09/2020 0:00,1.21,1.23,1.17,1.18,2161500
678,28/09/2020 0:00,1.18,1.22,1.08,1.12,5810000
679,29/09/2020 0:00,1.16,1.18,1.1,1.17,2495000
680,30/09/2020 0:00,1.19,1.21,1.14,1.15,3663000
681,01/10/2020 0:00,1.15,1.18,1.05,1.1,5425500
682,02/10/2020 0:00,1.12,1.15,1.06,1.1,5272000
683,05/10/2020 0:00,1.05,1.1,0.99,1.01,8584500
684,06/10/2020 0:00,1,1.04,0.97,1.02,4661500
685,07/10/2020 0:00,1.08,1.09,1.03,1.07,3881500
686,08/10/2020 0:00,1.07,1.13,1.07,1.1,1805500
687,09/10/2020 0:00,1.12,1.23,1.11,1.15,13333500
688,12/10/2020 0:00,1.15,1.15,1.07,1.09,2063500
689,13/10/2020 0:00,1.11,1.15,1.03,1.07,4316000
690,14/10/2020 0:00,1.13,1.15,1.08,1.1,3440000
691,15/10/2020 0:00,1.08,1.14,1.08,1.1,1656500
692,16/10/2020 0:00,1.1,1.1,1.03,1.06,4802000
693,19/10/2020 0:00,1.13,1.13,1.05,1.08,3575500
694,20/10/2020 0:00,1.11,1.15,1.09,1.12,2706500
695,21/10/2020 0:00,1.12,1.14,1.1,1.11,1518500
696,22/10/2020 0:00,1.1,1.13,1.07,1.09,2163000
697,23/10/2020 0:00,1.1,1.14,1.07,1.08,4873000
698,26/10/2020 0:00,1.13,1.16,1.09,1.12,4588500
699,27/10/2020 0:00,1.12,1.14,1.08,1.08,3927500
700,28/10/2020 0:00,1.06,1.11,1.05,1.07,1851500
701,29/10/2020 0:00,1.09,1.09,0.99,1.01,8875500
702,02/11/2020 0:00,1.01,1.05,0.96,1.01,2775000
703,03/11/2020 0:00,1.04,1.06,1.02,1.04,1345000
704,04/11/2020 0:00,1.07,1.08,1.02,1.03,3580500
705,05/11/2020 0:00,1.08,1.09,1.03,1.05,2748000
706,06/11/2020 0:00,1.05,1.07,1.02,1.03,3069500
707,09/11/2020 0:00,1.07,1.07,1.02,1.04,1722000
708,10/11/2020 0:00,1.07,1.07,1.02,1.06,5286000
709,11/11/2020 0:00,1.05,1.08,1.04,1.05,2188500
710,12/11/2020 0:00,1.06,1.06,1.01,1.02,2798500
711,13/11/2020 0:00,1.02,1.04,1,1.02,2970500
712,16/11/2020 0:00,1.02,1.04,0.99,1,4894500
713,17/11/2020 0:00,1.02,1.05,1,1.02,1092000
714,18/11/2020 0:00,1.02,1.03,0.98,1.01,1827000
715,19/11/2020 0:00,1.03,1.03,1,1,5558500
716,20/11/2020 0:00,1.02,1.04,1,1.01,6622500
717,23/11/2020 0:00,1.01,1.01,0.95,0.97,9462000
718,24/11/2020 0:00,1,1.03,0.97,0.98,3247000
719,25/11/2020 0:00,1,1.03,0.98,1,3144500
720,26/11/2020 0:00,1,1.05,1,1.04,3039000
721,27/11/2020 0:00,1.04,1.11,1.04,1.08,11175000
722,30/11/2020 0:00,1.08,1.08,1.02,1.06,1920500
723,01/12/2020 0:00,1.09,1.09,1.02,1.03,2510500
724,02/12/2020 0:00,1.04,1.07,1.03,1.03,3160500
725,03/12/2020 0:00,1.05,1.07,1.02,1.05,3854000
726,04/12/2020 0:00,1.05,1.1,1.05,1.06,4762500
727,07/12/2020 0:00,1.04,1.08,1.04,1.05,1861500
728,08/12/2020 0:00,1.04,1.05,1.02,1.03,6861500
729,09/12/2020 0:00,1.05,1.07,1.02,1.02,7353000
730,10/12/2020 0:00,1.05,1.05,1.01,1.01,2273500
731,11/12/2020 0:00,1.01,1.03,0.98,1,10404000
732,14/12/2020 0:00,1.03,1.17,1.02,1.12,21642000
733,15/12/2020 0:00,1.15,1.16,1.07,1.1,20779000
734,16/12/2020 0:00,1.08,1.12,1.05,1.09,2186000
735,17/12/2020 0:00,1.09,1.13,1.06,1.07,7576000
736,18/12/2020 0:00,1.11,1.12,1.06,1.08,4562000
737,21/12/2020 0:00,1.11,1.19,1.08,1.17,36557500
738,22/12/2020 0:00,1.2,1.25,1.11,1.14,70792000
739,23/12/2020 0:00,1.19,1.19,1.14,1.16,6856500
740,24/12/2020 0:00,1.14,1.19,1.09,1.12,11602000
741,28/12/2020 0:00,1.17,1.23,1.14,1.19,19091000
742,29/12/2020 0:00,1.24,1.28,1.21,1.22,18239000
743,30/12/2020 0:00,1.24,1.26,1.19,1.2,6189500
744,31/12/2020 0:00,1.27,1.27,1.2,1.22,10543000
745,01/01/2021 0:00,1.25,1.28,1.22,1.23,7614000
746,04/01/2021 0:00,1.23,1.35,1.2,1.32,22932000
747,05/01/2021 0:00,1.34,1.35,1.24,1.26,8736000
748,06/01/2021 0:00,1.22,1.28,1.22,1.24,5493000
749,07/01/2021 0:00,1.27,1.31,1.23,1.26,11880500
750,08/01/2021 0:00,1.26,1.28,1.23,1.24,7005500
751,11/01/2021 0:00,1.24,1.24,1.18,1.19,11291500
752,12/01/2021 0:00,1.2,1.25,1.19,1.2,6642000
753,13/01/2021 0:00,1.21,1.23,1.18,1.19,9331500
754,14/01/2021 0:00,1.19,1.2,1.16,1.18,8136500
755,15/01/2021 0:00,1.2,1.2,1.13,1.16,12993000
756,18/01/2021 0:00,1.18,1.24,1.16,1.17,18273500
757,19/01/2021 0:00,1.21,1.23,1.13,1.14,16950000
758,20/01/2021 0:00,1.17,1.17,1.11,1.14,6070500
759,21/01/2021 0:00,1.16,1.17,1.12,1.13,7409500
760,22/01/2021 0:00,1.15,1.15,1.11,1.12,3121000
761,25/01/2021 0:00,1.16,1.16,1.05,1.1,13600000
762,26/01/2021 0:00,1.13,1.13,1.08,1.1,6933000
763,27/01/2021 0:00,1.1,1.13,1.09,1.09,11455000
764,28/01/2021 0:00,1.1,1.11,1.07,1.08,10459000
765,29/01/2021 0:00,1.1,1.15,1.08,1.13,10674500
766,01/02/2021 0:00,1.13,1.25,1.11,1.16,25444500
767,02/02/2021 0:00,1.2,1.21,1.14,1.15,13992000
768,03/02/2021 0:00,1.18,1.2,1.12,1.13,7901000
769,04/02/2021 0:00,1.18,1.18,1.11,1.14,3968500
770,08/02/2021 0:00,1.15,1.29,1.11,1.23,52912500
771,09/02/2021 0:00,1.26,1.3,1.23,1.26,30631000
772,10/02/2021 0:00,1.51,1.77,1.41,1.68,370396500
773,11/02/2021 0:00,1.81,1.95,1.4,1.51,353566000
774,12/02/2021 0:00,1.55,1.55,1.36,1.39,58660500
775,15/02/2021 0:00,1.42,1.55,1.4,1.53,40310000
776,16/02/2021 0:00,1.59,1.6,1.5,1.54,22966500
777,17/02/2021 0:00,1.59,1.59,1.46,1.47,23394500
778,18/02/2021 0:00,1.49,1.54,1.47,1.5,26978500
779,19/02/2021 0:00,1.55,1.64,1.55,1.59,62279500
780,22/02/2021 0:00,1.6,1.62,1.54,1.55,23773500
781,23/02/2021 0:00,1.55,1.75,1.55,1.64,84284000
782,24/02/2021 0:00,1.7,1.7,1.51,1.54,27272000
783,25/02/2021 0:00,1.57,1.65,1.53,1.61,17584500
784,26/02/2021 0:00,1.63,1.65,1.55,1.56,11293000
785,01/03/2021 0:00,1.6,1.6,1.49,1.54,9074000
786,02/03/2021 0:00,1.58,1.58,1.5,1.53,5346000
787,03/03/2021 0:00,1.53,1.55,1.49,1.53,6741500
788,04/03/2021 0:00,1.43,1.49,1.36,1.42,18472000
789,05/03/2021 0:00,1.43,1.48,1.36,1.4,9240000
790,08/03/2021 0:00,1.45,1.5,1.34,1.38,8559500
791,09/03/2021 0:00,1.4,1.4,1.25,1.28,19446500
792,10/03/2021 0:00,1.3,1.3,1.22,1.27,7705500
793,11/03/2021 0:00,1.28,1.28,1.13,1.17,19715000
794,12/03/2021 0:00,1.17,1.26,1.15,1.22,14654500
795,15/03/2021 0:00,1.3,1.42,1.3,1.4,13548500
796,16/03/2021 0:00,1.43,1.44,1.36,1.4,11671000
797,17/03/2021 0:00,1.45,1.46,1.37,1.38,5679500
798,18/03/2021 0:00,1.39,1.43,1.28,1.3,6789500
799,19/03/2021 0:00,1.27,1.35,1.26,1.34,6950000
800,22/03/2021 0:00,1.34,1.35,1.29,1.31,6160500
801,24/03/2021 0:00,1.38,1.38,1.32,1.34,2628000
802,25/03/2021 0:00,1.36,1.4,1.32,1.33,5312500
803,26/03/2021 0:00,1.32,1.34,1.3,1.31,4256500
804,29/03/2021 0:00,1.34,1.34,1.2,1.22,12134000
805,30/03/2021 0:00,1.22,1.27,1.21,1.22,3054500
806,31/03/2021 0:00,1.26,1.29,1.2,1.21,3937500
807,01/04/2021 0:00,1.24,1.24,1.17,1.19,5040500
808,02/04/2021 0:00,1.22,1.25,1.16,1.22,5650000
809,05/04/2021 0:00,1.25,1.26,1.17,1.18,2693000
810,06/04/2021 0:00,1.19,1.23,1.17,1.22,8645500
811,07/04/2021 0:00,1.22,1.25,1.18,1.2,2921500
812,08/04/2021 0:00,1.2,1.22,1.17,1.19,3286000
813,09/04/2021 0:00,1.22,1.49,1.21,1.43,124482500
814,12/04/2021 0:00,1.46,1.55,1.41,1.52,73751500
815,13/04/2021 0:00,1.51,1.52,1.4,1.43,28277500
816,14/04/2021 0:00,1.44,1.52,1.44,1.48,16761000
817,15/04/2021 0:00,1.6,1.66,1.53,1.56,64880000
818,16/04/2021 0:00,1.63,1.63,1.55,1.56,15634500
819,19/04/2021 0:00,1.59,1.73,1.54,1.69,101378000
820,20/04/2021 0:00,1.74,1.8,1.72,1.73,57044000
821,21/04/2021 0:00,1.76,1.78,1.59,1.61,42895000
822,22/04/2021 0:00,1.62,1.64,1.51,1.53,26896000
823,23/04/2021 0:00,1.54,1.58,1.45,1.56,24113000
824,26/04/2021 0:00,1.56,1.63,1.51,1.54,21059000
825,27/04/2021 0:00,1.5,1.6,1.49,1.51,10903000
826,28/04/2021 0:00,1.58,1.58,1.48,1.5,12121000
827,29/04/2021 0:00,1.54,1.54,1.45,1.47,7879500
828,30/04/2021 0:00,1.5,1.5,1.38,1.4,13129500
829,03/05/2021 0:00,1.4,1.41,1.32,1.37,6925500
830,04/05/2021 0:00,1.37,1.5,1.37,1.48,8000500
831,05/05/2021 0:00,1.52,1.52,1.42,1.44,6537000
832,06/05/2021 0:00,1.49,1.68,1.41,1.53,80899500
833,17/05/2021 0:00,1.59,1.72,1.57,1.69,72917500
834,18/05/2021 0:00,1.72,1.72,1.61,1.67,49505500
835,19/05/2021 0:00,1.65,1.75,1.6,1.7,41826500
836,20/05/2021 0:00,1.7,1.81,1.66,1.76,77733000
837,21/05/2021 0:00,1.8,1.92,1.78,1.88,99480000
838,24/05/2021 0:00,1.95,2.25,1.93,2.14,275888000
839,25/05/2021 0:00,2.25,2.3,2.14,2.28,150346000
840,26/05/2021 0:00,2.35,3.28,2.32,3.22,707728500
841,27/05/2021 0:00,3.44,4.03,2.6,3.24,950273000
842,28/05/2021 0:00,3,3.24,2.81,3,381390000
843,31/05/2021 0:00,3.1,3.77,3.1,3.67,480613000
844,01/06/2021 0:00,3.85,3.93,3.5,3.59,354077000
845,02/06/2021 0:00,3.6,3.78,3.42,3.59,202682500
846,03/06/2021 0:00,3.68,3.76,3.52,3.56,134991000
847,04/06/2021 0:00,3.61,3.61,3.48,3.51,89041000
848,07/06/2021 0:00,3.54,3.66,3.45,3.5,80744500
849,08/06/2021 0:00,3.55,3.83,3.48,3.64,399964000
850,09/06/2021 0:00,3.73,4.49,3.7,4.22,716814000
851,10/06/2021 0:00,4.39,4.52,4.1,4.25,329074500
852,11/06/2021 0:00,4.38,4.45,4.17,4.22,120847500
853,14/06/2021 0:00,4.49,4.49,4.2,4.23,98041000
854,15/06/2021 0:00,4.25,4.28,3.9,3.97,147624000
855,16/06/2021 0:00,3.97,4.05,3.81,3.84,87346500
856,17/06/2021 0:00,3.78,4.26,3.71,4.01,243179500
857,18/06/2021 0:00,4.05,4.26,3.95,4.12,76462000
858,21/06/2021 0:00,4.19,4.21,3.95,4,58453500
859,22/06/2021 0:00,4.04,4.04,3.85,3.86,48194000
860,23/06/2021 0:00,3.82,4.02,3.82,3.86,41582500
861,24/06/2021 0:00,3.87,3.94,3.56,3.65,97547500
862,25/06/2021 0:00,3.62,4.07,3.62,3.95,142179500
863,28/06/2021 0:00,4.05,4.19,3.76,3.81,98862500
864,29/06/2021 0:00,3.95,4.01,3.87,3.91,55687000
865,30/06/2021 0:00,4.09,4.12,3.94,3.96,43244500
866,01/07/2021 0:00,4.02,4.26,4,4.1,199480000
867,02/07/2021 0:00,4.1,4.23,4.03,4.06,43772000
868,05/07/2021 0:00,4.07,4.15,3.93,3.98,55638000
869,06/07/2021 0:00,3.98,4.05,3.82,3.86,48871500
870,07/07/2021 0:00,3.88,3.95,3.8,3.91,30164000
871,08/07/2021 0:00,3.95,4,3.83,3.92,28433500
872,09/07/2021 0:00,3.97,3.97,3.82,3.85,25782500
873,12/07/2021 0:00,3.8,3.94,3.61,3.64,70991000
874,13/07/2021 0:00,3.63,3.65,3.51,3.52,48035500
875,14/07/2021 0:00,3.51,3.55,3.4,3.42,44691500
876,15/07/2021 0:00,3.37,3.45,3.28,3.35,50820500
877,16/07/2021 0:00,3.33,3.48,3.33,3.43,16480000
878,19/07/2021 0:00,3.44,3.55,3.44,3.52,11779000
879,23/07/2021 0:00,3.57,3.65,3.53,3.56,20815000
880,26/07/2021 0:00,3.62,4.02,3.57,3.84,127888500
881,27/07/2021 0:00,3.86,3.94,3.72,3.74,36634500
882,28/07/2021 0:00,3.71,3.75,3.55,3.57,40378500
883,29/07/2021 0:00,3.55,3.61,3.31,3.42,50152500
884,30/07/2021 0:00,3.46,3.64,3.33,3.46,39177500
885,02/08/2021 0:00,3.46,3.57,3.44,3.49,16852000
886,03/08/2021 0:00,3.51,3.69,3.5,3.64,36354000
887,04/08/2021 0:00,3.7,3.78,3.62,3.65,45695500
888,05/08/2021 0:00,3.69,3.73,3.61,3.63,17680000
889,06/08/2021 0:00,3.65,3.67,3.46,3.49,25665500
890,09/08/2021 0:00,3.51,3.57,3.33,3.36,42228000
891,10/08/2021 0:00,3.34,3.5,3.22,3.45,42930000
892,11/08/2021 0:00,3.59,3.62,3.41,3.43,26706500
893,12/08/2021 0:00,3.48,3.48,3.33,3.37,11810500
894,13/08/2021 0:00,3.4,3.42,3.32,3.34,11429500
895,16/08/2021 0:00,3.35,3.4,3.25,3.35,22213000
896,17/08/2021 0:00,3.41,3.45,3.38,3.39,12452500
897,20/08/2021 0:00,3.42,3.43,3.33,3.37,9088000
898,23/08/2021 0:00,3.37,3.41,3.32,3.34,14392000
899,24/08/2021 0:00,3.33,3.44,3.29,3.31,43692000
900,25/08/2021 0:00,3.33,3.46,3.29,3.32,38045000
901,26/08/2021 0:00,3.35,3.38,3.25,3.27,16566500
902,27/08/2021 0:00,3.3,3.33,3.13,3.22,31632000
903,30/08/2021 0:00,3.29,3.37,3.22,3.26,26783000
904,31/08/2021 0:00,3.28,3.36,3.2,3.22,16186500
905,01/09/2021 0:00,3.24,3.62,3.24,3.56,162288500
906,02/09/2021 0:00,3.65,3.7,3.48,3.5,53341000
907,03/09/2021 0:00,3.5,3.64,3.48,3.55,50600000
908,06/09/2021 0:00,3.6,3.6,3.38,3.41,28839500
909,07/09/2021 0:00,3.45,3.45,3.26,3.33,28675000
910,08/09/2021 0:00,3.37,3.39,3.29,3.34,19009500
911,09/09/2021 0:00,3.37,3.39,3.3,3.33,20386000
912,10/09/2021 0:00,3.34,3.34,3.28,3.31,23517000
913,13/09/2021 0:00,3.3,3.37,3.28,3.3,16748500
914,14/09/2021 0:00,3.3,3.31,3.16,3.2,25354500
915,15/09/2021 0:00,3.23,3.23,3.1,3.12,16991500
916,16/09/2021 0:00,3.16,3.42,3.02,3.32,44895500
917,17/09/2021 0:00,3.34,3.44,3.22,3.25,42415000
918,20/09/2021 0:00,3.25,3.25,3.16,3.19,13366500
919,21/09/2021 0:00,3.2,3.25,3.08,3.11,26432000
920,22/09/2021 0:00,3.1,3.11,2.71,2.98,91050500
921,23/09/2021 0:00,3.02,3.24,2.9,2.95,89120000
922,24/09/2021 0:00,3.05,3.05,2.81,2.87,39708500
923,27/09/2021 0:00,2.9,2.91,2.65,2.76,32646000
924,28/09/2021 0:00,2.8,2.93,2.73,2.91,22144000
925,29/09/2021 0:00,2.99,2.99,2.67,2.71,51190000
926,30/09/2021 0:00,2.67,2.75,2.65,2.72,19706000
927,01/10/2021 0:00,2.76,2.84,2.73,2.78,13238000
928,04/10/2021 0:00,2.78,2.98,2.7,2.93,21643500
929,05/10/2021 0:00,2.94,2.95,2.81,2.83,18071000
930,06/10/2021 0:00,2.79,2.85,2.65,2.69,16830000
931,07/10/2021 0:00,2.73,2.76,2.5,2.54,57981500
932,08/10/2021 0:00,2.56,2.64,2.5,2.53,18534000
933,11/10/2021 0:00,2.55,2.55,2.22,2.25,41362500
934,12/10/2021 0:00,2.27,2.27,2.01,2.21,51143500
935,13/10/2021 0:00,2.25,2.26,2.04,2.06,28869500
936,14/10/2021 0:00,2.09,2.49,2.03,2.43,66164000
937,15/10/2021 0:00,2.45,2.48,2.29,2.39,25490000
938,18/10/2021 0:00,2.29,2.33,2.18,2.28,20839500
939,20/10/2021 0:00,2.31,2.55,2.31,2.53,49452000
940,21/10/2021 0:00,2.53,2.61,2.41,2.43,21828000
941,22/10/2021 0:00,2.4,2.45,2.29,2.37,21050500
942,25/10/2021 0:00,2.45,2.47,2.29,2.35,17437000
943,26/10/2021 0:00,2.41,2.41,2.27,2.29,5905000
944,27/10/2021 0:00,2.39,2.45,2.33,2.38,11785500
945,28/10/2021 0:00,2.4,2.41,2.3,2.34,10659500
946,29/10/2021 0:00,2.44,2.44,2.3,2.37,11757000
947,01/11/2021 0:00,2.42,2.54,2.36,2.46,53862000
948,02/11/2021 0:00,2.46,2.52,2.4,2.42,10243000
949,03/11/2021 0:00,2.42,2.5,2.41,2.44,16290000
950,04/11/2021 0:00,2.44,2.7,2.44,2.66,81042000
951,05/11/2021 0:00,2.68,2.8,2.66,2.69,41910000
952,08/11/2021 0:00,2.72,2.74,2.58,2.61,15205000
953,09/11/2021 0:00,2.61,2.61,2.42,2.47,22989000
954,10/11/2021 0:00,2.49,2.51,2.41,2.44,10320000
955,11/11/2021 0:00,2.48,2.49,2.37,2.4,7713500
956,12/11/2021 0:00,2.37,2.4,2.32,2.34,5589500
957,15/11/2021 0:00,2.37,2.43,2.34,2.39,11222500
958,16/11/2021 0:00,2.41,2.46,2.36,2.44,5077000
959,17/11/2021 0:00,2.43,2.43,2.33,2.35,7030500
960,18/11/2021 0:00,2.38,2.4,2.27,2.32,6712000
961,19/11/2021 0:00,2.34,2.36,2.27,2.28,10425000
962,22/11/2021 0:00,2.25,2.27,2.18,2.23,10096000
963,23/11/2021 0:00,2.29,2.32,2.15,2.17,17169000
964,24/11/2021 0:00,2.16,2.18,2.06,2.11,24680000
965,25/11/2021 0:00,2.17,2.17,2.09,2.11,8393500
966,26/11/2021 0:00,2.11,2.17,2.05,2.11,34179500
967,29/11/2021 0:00,2.04,2.15,2.04,2.12,13690000
968,30/11/2021 0:00,2.13,2.16,2.09,2.12,5978000
969,01/12/2021 0:00,2.12,2.22,2.12,2.19,6512500
970,02/12/2021 0:00,2.25,2.25,1.95,2.01,33019000
971,03/12/2021 0:00,2.01,2.14,1.95,2.05,24354000
972,06/12/2021 0:00,2.1,2.1,1.92,1.96,16586500
973,07/12/2021 0:00,1.98,2.06,1.98,2.05,8062500
974,08/12/2021 0:00,2.08,2.12,2.03,2.05,6948500
975,09/12/2021 0:00,2.05,2.09,1.95,1.99,9546000
976,10/12/2021 0:00,1.96,1.99,1.83,1.88,13620500
977,13/12/2021 0:00,1.9,1.92,1.68,1.7,18332500
978,14/12/2021 0:00,1.7,1.84,1.59,1.8,21075500
979,15/12/2021 0:00,1.88,2.28,1.86,2.2,53266000
980,16/12/2021 0:00,2.22,2.29,2.13,2.21,49185000
981,17/12/2021 0:00,2.2,2.25,2.12,2.15,29218000
982,20/12/2021 0:00,2.15,2.22,2.13,2.19,17456500
983,21/12/2021 0:00,2.22,2.23,2.11,2.12,21714500
984,22/12/2021 0:00,2.12,2.16,2.08,2.1,7113500
985,23/12/2021 0:00,2.1,2.15,2.06,2.11,9922500
986,24/12/2021 0:00,2.14,2.14,2.04,2.05,7006500
987,27/12/2021 0:00,2.08,2.09,2.02,2.03,3504000
988,28/12/2021 0:00,2.01,2.06,2.01,2.03,7018000
989,29/12/2021 0:00,2.05,2.07,2.01,2.05,14754000
990,30/12/2021 0:00,2.11,2.14,2.06,2.07,9011500
991,31/12/2021 0:00,2.07,2.18,2.04,2.08,41966500
992,03/01/2022 0:00,2.08,2.13,2.05,2.07,5508500
993,04/01/2022 0:00,2.06,2.21,2.06,2.17,22056000
994,05/01/2022 0:00,2.18,2.4,2.15,2.36,75590000
995,06/01/2022 0:00,2.36,2.47,2.24,2.26,65105500
996,07/01/2022 0:00,2.25,2.3,2.21,2.28,21662500
997,10/01/2022 0:00,2.28,2.34,2.25,2.32,30072000
998,11/01/2022 0:00,2.35,2.44,2.35,2.43,44675000
999,12/01/2022 0:00,2.46,2.68,2.46,2.53,133908500
1000,13/01/2022 0:00,2.54,2.63,2.48,2.53,47814000
1001,14/01/2022 0:00,2.55,2.58,2.44,2.47,25139500
1002,17/01/2022 0:00,2.48,2.5,2.35,2.37,25493500
1003,18/01/2022 0:00,2.39,2.42,2.32,2.34,17672000
1004,19/01/2022 0:00,2.36,2.36,2.13,2.16,27328000
1005,20/01/2022 0:00,2.16,2.2,2.03,2.18,27947500
1006,21/01/2022 0:00,2.21,2.25,2.16,2.17,12569000
1007,24/01/2022 0:00,2.18,2.18,2.1,2.16,9829500
1008,25/01/2022 0:00,2.17,2.25,2.16,2.17,8510500
1009,26/01/2022 0:00,2.18,2.18,2.12,2.14,5347500
1010,27/01/2022 0:00,2.16,2.21,2.13,2.18,10239500
1011,28/01/2022 0:00,2.16,2.26,2.15,2.21,31457000
1012,31/01/2022 0:00,2.21,2.27,2.21,2.24,22493500
1013,01/02/2022 0:00,2.25,2.33,2.22,2.27,24880000
1014,02/02/2022 0:00,2.28,2.33,2.26,2.29,21554000
1015,03/02/2022 0:00,2.3,2.38,2.29,2.33,32820000
1016,04/02/2022 0:00,2.33,2.36,2.28,2.29,12792500
1017,07/02/2022 0:00,2.3,2.31,2.22,2.23,5905500
1018,08/02/2022 0:00,2.24,2.24,2.17,2.2,14212500
1019,09/02/2022 0:00,2.21,2.22,2.18,2.21,10640500
1020,10/02/2022 0:00,2.23,2.26,2.17,2.18,13715000
1021,11/02/2022 0:00,2.16,2.18,2.13,2.15,11426500
1022,14/02/2022 0:00,2.13,2.15,2.03,2.05,33532500
1023,15/02/2022 0:00,1.84,2.05,1.65,1.96,91896000
1024,16/02/2022 0:00,2.02,2.09,1.98,2.02,17057500
1025,17/02/2022 0:00,2.05,2.05,1.9,1.96,16156500
1026,18/02/2022 0:00,1.92,1.97,1.9,1.94,5613500
1027,21/02/2022 0:00,1.91,1.94,1.83,1.85,19087000
1028,22/02/2022 0:00,1.85,1.85,1.76,1.8,23687000
1029,23/02/2022 0:00,1.82,1.87,1.79,1.82,11558500
1030,24/02/2022 0:00,1.79,1.82,1.66,1.68,33137000
1031,25/02/2022 0:00,1.65,1.75,1.65,1.72,33254500
1032,28/02/2022 0:00,1.75,1.84,1.7,1.83,10541500
1033,01/03/2022 0:00,1.89,1.99,1.85,1.96,29897000
1034,02/03/2022 0:00,1.93,1.93,1.85,1.9,11115500
1035,03/03/2022 0:00,1.9,1.93,1.84,1.86,5396500
1036,04/03/2022 0:00,1.87,1.88,1.81,1.83,5664000
1037,07/03/2022 0:00,1.78,1.83,1.67,1.75,11545000
1038,08/03/2022 0:00,1.74,1.79,1.68,1.69,11025500
1039,09/03/2022 0:00,1.67,1.72,1.66,1.7,6843500
1040,10/03/2022 0:00,1.78,1.8,1.63,1.69,22927500
1041,11/03/2022 0:00,1.7,1.74,1.66,1.69,6027500
1042,14/03/2022 0:00,1.65,1.7,1.65,1.67,5088500
1043,15/03/2022 0:00,1.7,1.72,1.66,1.68,13523500
1044,16/03/2022 0:00,1.69,1.71,1.64,1.65,19694000
1045,17/03/2022 0:00,1.69,1.69,1.54,1.57,14572000
1046,18/03/2022 0:00,1.57,1.57,1.47,1.5,13488500
1047,21/03/2022 0:00,1.5,1.51,1.44,1.47,7970000
1048,22/03/2022 0:00,1.5,1.57,1.48,1.52,5178500
1049,24/03/2022 0:00,1.55,1.56,1.49,1.54,5026000
1050,25/03/2022 0:00,1.53,1.63,1.52,1.56,22173500
1051,28/03/2022 0:00,1.57,1.6,1.52,1.57,6664000
1052,29/03/2022 0:00,1.6,1.72,1.6,1.7,27126000
1053,30/03/2022 0:00,1.7,1.78,1.65,1.73,19941000
1054,31/03/2022 0:00,1.75,1.8,1.72,1.79,11698500
1055,01/04/2022 0:00,1.78,1.82,1.72,1.74,14100000
1056,04/04/2022 0:00,1.67,1.68,1.6,1.64,8293000
1057,05/04/2022 0:00,1.63,1.69,1.61,1.65,5664000
1058,06/04/2022 0:00,1.65,1.7,1.65,1.69,2989000
1059,07/04/2022 0:00,1.69,1.71,1.64,1.64,5086500
1060,08/04/2022 0:00,1.65,1.79,1.65,1.73,9884500
1061,11/04/2022 0:00,1.85,2.19,1.8,2.13,140797500
1062,12/04/2022 0:00,2.18,2.2,1.99,2.07,62038000
1063,13/04/2022 0:00,2.09,2.09,1.94,1.98,42739000
1064,14/04/2022 0:00,1.97,1.97,1.86,1.93,36948000
1065,15/04/2022 0:00,1.95,2.02,1.9,1.92,31658000
1066,18/04/2022 0:00,1.92,1.95,1.84,1.85,15457500
1067,19/04/2022 0:00,1.87,1.87,1.78,1.8,11547000
1068,20/04/2022 0:00,1.77,1.83,1.75,1.76,9207500
1069,21/04/2022 0:00,1.79,1.79,1.72,1.73,7796000
1070,22/04/2022 0:00,1.75,1.83,1.72,1.81,9567000
1071,25/04/2022 0:00,1.86,1.94,1.69,1.71,31986000
1072,26/04/2022 0:00,1.71,1.75,1.69,1.71,11612500
1073,27/04/2022 0:00,1.74,1.75,1.68,1.7,7125000
1074,28/04/2022 0:00,1.68,1.71,1.6,1.68,37497000
1075,09/05/2022 0:00,1.67,1.67,1.56,1.57,20975000
1076,10/05/2022 0:00,1.6,1.63,1.57,1.59,8420000
1077,11/05/2022 0:00,1.59,1.61,1.41,1.49,31405500
1078,12/05/2022 0:00,1.5,1.53,1.44,1.5,16441000
1079,13/05/2022 0:00,1.51,1.56,1.48,1.54,8639500
1080,16/05/2022 0:00,1.5,1.5,1.43,1.45,11934500
1081,17/05/2022 0:00,1.46,1.49,1.43,1.48,21946500
1082,18/05/2022 0:00,1.49,1.55,1.42,1.54,27075000
1083,19/05/2022 0:00,1.51,1.57,1.51,1.54,13387500
1084,20/05/2022 0:00,1.57,1.62,1.53,1.59,12467500
1085,23/05/2022 0:00,1.57,1.59,1.5,1.5,7624000
1086,24/05/2022 0:00,1.5,1.55,1.45,1.46,5820000
1087,25/05/2022 0:00,1.46,1.55,1.45,1.54,13435000
1088,26/05/2022 0:00,1.53,1.61,1.51,1.6,16186000
1089,27/05/2022 0:00,1.63,1.69,1.55,1.57,21506000
1090,30/05/2022 0:00,1.59,1.6,1.55,1.56,6256500
1091,31/05/2022 0:00,1.56,1.61,1.5,1.55,10588500
1092,06/06/2022 0:00,1.47,1.53,1.46,1.47,4015500
1093,07/06/2022 0:00,1.5,1.5,1.45,1.46,5263500
1094,08/06/2022 0:00,1.45,1.5,1.45,1.49,3477500
1095,09/06/2022 0:00,1.5,1.52,1.42,1.44,28278500
1096,10/06/2022 0:00,1.46,1.48,1.44,1.47,3982500
1097,13/06/2022 0:00,1.47,1.49,1.44,1.45,3476000
1098,14/06/2022 0:00,1.45,1.49,1.44,1.48,4268500
1099,15/06/2022 0:00,1.45,1.51,1.45,1.47,5676000
1100,16/06/2022 0:00,1.49,1.49,1.4,1.42,21553500
1101,17/06/2022 0:00,1.44,1.48,1.42,1.45,7838500
1102,20/06/2022 0:00,1.48,1.5,1.4,1.41,15351000
1103,21/06/2022 0:00,1.45,1.51,1.41,1.49,11860000
1104,22/06/2022 0:00,1.5,1.53,1.46,1.47,6266000
1105,23/06/2022 0:00,1.47,1.5,1.46,1.48,10346500
1106,24/06/2022 0:00,1.48,1.49,1.4,1.43,14912000
1107,27/06/2022 0:00,1.43,1.48,1.42,1.43,8974000
1108,28/06/2022 0:00,1.48,1.48,1.37,1.39,17069500
1109,29/06/2022 0:00,1.4,1.42,1.33,1.36,11615500
1110,30/06/2022 0:00,1.38,1.39,1.32,1.33,9453000
1111,01/07/2022 0:00,1.35,1.38,1.33,1.35,3556500
1112,04/07/2022 0:00,1.35,1.36,1.33,1.35,3007000
1113,05/07/2022 0:00,1.37,1.4,1.34,1.37,4790000
1114,06/07/2022 0:00,1.37,1.39,1.36,1.37,2631000
1115,07/07/2022 0:00,1.38,1.4,1.37,1.39,3022000
1116,13/07/2022 0:00,1.39,1.46,1.38,1.45,5314000
1117,14/07/2022 0:00,1.49,1.49,1.43,1.44,6554500
1118,15/07/2022 0:00,1.45,1.45,1.41,1.43,5549000
1119,18/07/2022 0:00,1.45,1.45,1.35,1.36,12730500
1120,19/07/2022 0:00,1.39,1.39,1.22,1.25,17677000
1121,20/07/2022 0:00,1.25,1.3,1.23,1.27,10757500
1122,21/07/2022 0:00,1.27,1.28,1.18,1.21,16009500
1123,22/07/2022 0:00,1.2,1.26,1.19,1.2,19981000
1124,25/07/2022 0:00,1.2,1.23,1.19,1.2,9317000
1125,26/07/2022 0:00,1.23,1.23,1.19,1.2,8678000
1126,27/07/2022 0:00,1.22,1.23,1.17,1.18,9264500
1127,28/07/2022 0:00,1.18,1.2,1.13,1.15,32615500
1128,29/07/2022 0:00,1.14,1.2,1.14,1.18,5610500
1129,01/08/2022 0:00,1.21,1.22,1.16,1.17,8633500
1130,02/08/2022 0:00,1.19,1.19,1.14,1.17,5250000
1131,03/08/2022 0:00,1.18,1.22,1.16,1.19,32499000
1132,04/08/2022 0:00,1.21,1.32,1.2,1.23,44405000
1133,05/08/2022 0:00,1.24,1.32,1.24,1.3,20360500
1134,10/08/2022 0:00,1.3,1.33,1.28,1.33,15754500
1135,11/08/2022 0:00,1.34,1.34,1.28,1.3,18374000
1136,12/08/2022 0:00,1.28,1.36,1.28,1.34,28358500
1137,15/08/2022 0:00,1.36,1.41,1.33,1.35,37753500
1138,16/08/2022 0:00,1.37,1.4,1.31,1.31,14065500
1139,17/08/2022 0:00,1.3,1.31,1.24,1.3,53211500
1140,18/08/2022 0:00,1.34,1.52,1.33,1.44,170780000
1141,19/08/2022 0:00,1.45,1.5,1.44,1.46,17803500
1142,22/08/2022 0:00,1.46,1.46,1.37,1.38,12974500
1143,23/08/2022 0:00,1.39,1.43,1.35,1.36,16970500
1144,24/08/2022 0:00,1.35,1.39,1.34,1.35,9702500
1145,25/08/2022 0:00,1.36,1.36,1.29,1.32,18598000
1146,26/08/2022 0:00,1.33,1.33,1.28,1.3,9878000
1147,29/08/2022 0:00,1.31,1.32,1.24,1.27,23819000
1148,30/08/2022 0:00,1.32,1.33,1.28,1.28,13744500
1149,31/08/2022 0:00,1.26,1.3,1.25,1.28,6064500
1150,01/09/2022 0:00,1.3,1.33,1.27,1.28,10439500
1151,02/09/2022 0:00,1.28,1.29,1.24,1.26,11932500
